,Date,DateLabel,Delay_Types,Sums_in_mins,Delayed_Flights,Total_Flights,DelayAve_in_mins,delayAve_by_Year,delayAve_delta
1,1/01/2007,Jan-07,carrier,2200212,150144,621559,14.65401215,15.91593574,0
2,1/02/2007,Feb-07,carrier,2618501,158435,565604,16.52728879,15.91593574,0
3,1/03/2007,Mar-07,carrier,2548581,152689,639209,16.69132027,15.91593574,0
4,1/04/2007,Apr-07,carrier,2078632,136991,614648,15.17349315,15.91593574,0
5,1/05/2007,May-07,carrier,1919316,131298,631609,14.61801398,15.91593574,0
6,1/06/2007,Jun-07,carrier,2992281,181502,629280,16.48621503,15.91593574,0
7,1/07/2007,Jul-07,carrier,3008057,180319,648560,16.68186381,15.91593574,0
8,1/08/2007,Aug-07,carrier,2866013,170851,653279,16.77492669,15.91593574,0
9,1/09/2007,Sep-07,carrier,1748246,102383,600187,17.07554965,15.91593574,0
10,1/10/2007,Oct-07,carrier,1908292,128977,629992,14.79559922,15.91593574,0
11,1/11/2007,Nov-07,carrier,1726179,113680,605149,15.18454433,15.91593574,0
12,1/12/2007,Dec-07,carrier,3212760,196759,616382,16.32840175,15.91593574,0
13,1/01/2008,Jan-08,carrier,2355954,148807,605765,15.8322794,15.76955518,-0.14638056
14,1/02/2008,Feb-08,carrier,2398296,156237,569236,15.35037155,15.76955518,-0.14638056
15,1/03/2008,Mar-08,carrier,2527895,157370,616090,16.06338565,15.76955518,-0.14638056
16,1/04/2008,Apr-08,carrier,1926766,122169,598126,15.77131678,15.76955518,-0.14638056
17,1/05/2008,May-08,carrier,1722631,120126,606293,14.34020112,15.76955518,-0.14638056
18,1/06/2008,Jun-08,carrier,2482267,164260,608665,15.11181663,15.76955518,-0.14638056
19,1/07/2008,Jul-08,carrier,2417097,140050,627931,17.25881471,15.76955518,-0.14638056
20,1/08/2008,Aug-08,carrier,2130584,120481,612279,17.68398337,15.76955518,-0.14638056
21,1/09/2008,Sep-08,carrier,1218688,71149,540908,17.12867363,15.76955518,-0.14638056
22,1/10/2008,Oct-08,carrier,1145054,73517,556205,15.57536352,15.76955518,-0.14638056
23,1/11/2008,Nov-08,carrier,1121975,81922,523272,13.69564952,15.76955518,-0.14638056
24,1/12/2008,Dec-08,carrier,2601010,168647,544956,15.42280622,15.76955518,-0.14638056
25,1/01/2009,Jan-09,carrier,1553366,108656,532339,14.29618245,15.28500367,-0.48455151
26,1/02/2009,Feb-09,carrier,1138257,78087,488410,14.57677975,15.28500367,-0.48455151
27,1/03/2009,Mar-09,carrier,1565861,107408,557422,14.57862543,15.28500367,-0.48455151
28,1/04/2009,Apr-09,carrier,1509781,102681,537793,14.70360631,15.28500367,-0.48455151
29,1/05/2009,May-09,carrier,1379106,100688,546832,13.69682584,15.28500367,-0.48455151
30,1/06/2009,Jun-09,carrier,1965403,122886,557594,15.99370962,15.28500367,-0.48455151
31,1/07/2009,Jul-09,carrier,2013731,121429,580134,16.58360853,15.28500367,-0.48455151
32,1/08/2009,Aug-09,carrier,1801093,108382,568301,16.61800853,15.28500367,-0.48455151
33,1/09/2009,Sep-09,carrier,1123914,66762,510852,16.83463647,15.28500367,-0.48455151
34,1/10/2009,Oct-09,carrier,1526817,114549,531799,13.3289422,15.28500367,-0.48455151
35,1/11/2009,Nov-09,carrier,937489,54740,509540,17.12621483,15.28500367,-0.48455151
36,1/12/2009,Dec-09,carrier,1991245,132020,529269,15.08290411,15.28500367,-0.48455151
37,1/01/2010,Jan-10,carrier,1578882,96928,521809,16.28922499,16.30098025,1.01597658
38,1/02/2010,Feb-10,carrier,1465833,95021,483270,15.426411,16.30098025,1.01597658
39,1/03/2010,Mar-10,carrier,1649112,100534,549262,16.40352518,16.30098025,1.01597658
40,1/04/2010,Apr-10,carrier,1232548,73184,529330,16.84176869,16.30098025,1.01597658
41,1/05/2010,May-10,carrier,1588921,100683,542747,15.78142288,16.30098025,1.01597658
42,1/06/2010,Jun-10,carrier,2023987,120007,551687,16.86557451,16.30098025,1.01597658
43,1/07/2010,Jul-10,carrier,2119493,122900,570788,17.24567128,16.30098025,1.01597658
44,1/08/2010,Aug-10,carrier,1673889,97597,569217,17.15102923,16.30098025,1.01597658
45,1/09/2010,Sep-10,carrier,1164541,72738,526107,16.01007726,16.30098025,1.01597658
46,1/10/2010,Oct-10,carrier,1306074,82391,545519,15.85214404,16.30098025,1.01597658
47,1/11/2010,Nov-10,carrier,1257261,83138,520999,15.12257933,16.30098025,1.01597658
48,1/12/2010,Dec-10,carrier,2156964,129763,539382,16.62233456,16.30098025,1.01597658
49,1/01/2011,Jan-11,carrier,1538345,97078,494400,15.84648427,16.73134789,0.43036764
50,1/02/2011,Feb-11,carrier,1463091,92709,455516,15.78154225,16.73134789,0.43036764
51,1/03/2011,Mar-11,carrier,1637022,101542,526687,16.12162455,16.73134789,0.43036764
52,1/04/2011,Apr-11,carrier,1731194,112528,507024,15.38456206,16.73134789,0.43036764
53,1/05/2011,May-11,carrier,1687179,107145,520612,15.74668907,16.73134789,0.43036764
54,1/06/2011,Jun-11,carrier,1998069,111137,528588,17.97843203,16.73134789,0.43036764
55,1/07/2011,Jul-11,carrier,1984345,110478,547219,17.96144934,16.73134789,0.43036764
56,1/08/2011,Aug-11,carrier,1755406,96632,541442,18.16588708,16.73134789,0.43036764
57,1/09/2011,Sep-11,carrier,1235940,73512,487468,16.81276526,16.73134789,0.43036764
58,1/10/2011,Oct-11,carrier,1169218,68219,504397,17.1391841,16.73134789,0.43036764
59,1/11/2011,Nov-11,carrier,1084221,66279,478040,16.35843932,16.73134789,0.43036764
60,1/12/2011,Dec-11,carrier,1269211,72613,493888,17.47911531,16.73134789,0.43036764
61,1/01/2012,Jan-12,carrier,1191729,70908,486133,16.80669318,17.92022643,1.18887854
62,1/02/2012,Feb-12,carrier,1055852,58987,464826,17.89974062,17.92022643,1.18887854
63,1/03/2012,Mar-12,carrier,1534771,86476,521628,17.74794163,17.92022643,1.18887854
64,1/04/2012,Apr-12,carrier,1188623,63639,505218,18.67758764,17.92022643,1.18887854
65,1/05/2012,May-12,carrier,1428053,80453,518423,17.75015226,17.92022643,1.18887854
66,1/06/2012,Jun-12,carrier,1794914,94684,526933,18.95688818,17.92022643,1.18887854
67,1/07/2012,Jul-12,carrier,2170627,121396,545131,17.88054796,17.92022643,1.18887854
68,1/08/2012,Aug-12,carrier,1916579,104434,540793,18.35205967,17.92022643,1.18887854
69,1/09/2012,Sep-12,carrier,1405706,77075,490199,18.23815764,17.92022643,1.18887854
70,1/10/2012,Oct-12,carrier,1470511,86545,515254,16.99128777,17.92022643,1.18887854
71,1/11/2012,Nov-12,carrier,1200259,63834,488006,18.80281668,17.92022643,1.18887854
72,1/12/2012,Dec-12,carrier,1807832,106727,494218,16.93884397,17.92022643,1.18887854
73,1/01/2013,Jan-13,carrier,1564374,88210,509519,17.73465593,16.64132468,-1.27890175
74,1/02/2013,Feb-13,carrier,1415721,83565,469746,16.94155448,16.64132468,-1.27890175
75,1/03/2013,Mar-13,carrier,1666872,101743,552312,16.3831615,16.64132468,-1.27890175
76,1/04/2013,Apr-13,carrier,1808722,111306,536393,16.24999551,16.64132468,-1.27890175
77,1/05/2013,May-13,carrier,1674148,105278,548642,15.90216379,16.64132468,-1.27890175
78,1/06/2013,Jun-13,carrier,2439539,143184,552141,17.03779054,16.64132468,-1.27890175
79,1/07/2013,Jul-13,carrier,2448255,142559,571623,17.17362636,16.64132468,-1.27890175
80,1/08/2013,Aug-13,carrier,1852201,112650,562921,16.44208611,16.64132468,-1.27890175
81,1/09/2013,Sep-13,carrier,1288132,77134,510806,16.69992481,16.64132468,-1.27890175
82,1/10/2013,Oct-13,carrier,1293737,81338,535344,15.90568984,16.64132468,-1.27890175
83,1/11/2013,Nov-13,carrier,1294123,77352,503296,16.73031079,16.64132468,-1.27890175
84,1/12/2013,Dec-13,carrier,2391073,144958,516739,16.49493646,16.64132468,-1.27890175
85,1/01/2014,Jan-14,carrier,2384451,119994,471949,19.87141857,17.05437287,0.41304819
86,1/02/2014,Feb-14,carrier,1762191,101440,430602,17.3717567,17.05437287,0.41304819
87,1/03/2014,Mar-14,carrier,1723617,102297,503758,16.84914514,17.05437287,0.41304819
88,1/04/2014,Apr-14,carrier,1489021,91806,483499,16.21921225,17.05437287,0.41304819
89,1/05/2014,May-14,carrier,1772666,104145,499278,17.021134,17.05437287,0.41304819
90,1/06/2014,Jun-14,carrier,2174769,129706,502617,16.76691132,17.05437287,0.41304819
91,1/07/2014,Jul-14,carrier,2100005,117151,520880,17.9256259,17.05437287,0.41304819
92,1/08/2014,Aug-14,carrier,1832082,105706,507491,17.33186385,17.05437287,0.41304819
93,1/09/2014,Sep-14,carrier,1333490,81178,469489,16.42674124,17.05437287,0.41304819
94,1/10/2014,Oct-14,carrier,1427068,92285,491011,15.46370483,17.05437287,0.41304819
95,1/11/2014,Nov-14,carrier,1393829,84657,462054,16.46442704,17.05437287,0.41304819
96,1/12/2014,Dec-14,carrier,1866220,110163,477183,16.94053357,17.05437287,0.41304819
97,1/01/2015,Jan-15,carrier,1708155,95951,469968,17.80236788,19.00403964,1.94966677
98,1/02/2015,Feb-15,carrier,1712660,95179,429191,17.99409534,19.00403964,1.94966677
99,1/03/2015,Mar-15,carrier,1818680,95452,504312,19.05334618,19.00403964,1.94966677
100,1/04/2015,Apr-15,carrier,1490594,82247,485151,18.12338444,19.00403964,1.94966677
101,1/05/2015,May-15,carrier,1667920,89645,496993,18.60583412,19.00403964,1.94966677
102,1/06/2015,Jun-15,carrier,2296333,115742,503897,19.84010126,19.00403964,1.94966677
103,1/07/2015,Jul-15,carrier,2021379,107627,520718,18.7813374,19.00403964,1.94966677
104,1/08/2015,Aug-15,carrier,1819598,94113,510536,19.33418338,19.00403964,1.94966677
105,1/09/2015,Sep-15,carrier,1176791,60061,464946,19.59326352,19.00403964,1.94966677
106,1/10/2015,Oct-15,carrier,1206011,60079,486165,20.07375289,19.00403964,1.94966677
107,1/11/2015,Nov-15,carrier,1358705,70571,467972,19.25302178,19.00403964,1.94966677
108,1/12/2015,Dec-15,carrier,1896130,96772,479230,19.59378746,19.00403964,1.94966677
109,1/01/2016,Jan-16,carrier,1482987,70882,445827,20.92191247,20.0650691,1.06102946
110,1/02/2016,Feb-16,carrier,1277100,61680,423889,20.70525292,20.0650691,1.06102946
111,1/03/2016,Mar-16,carrier,1493321,82569,479122,18.08573436,20.0650691,1.06102946
112,1/04/2016,Apr-16,carrier,1287970,66607,461630,19.33685649,20.0650691,1.06102946
113,1/05/2016,May-16,carrier,1429722,75498,479358,18.93721688,20.0650691,1.06102946
114,1/06/2016,Jun-16,carrier,2048146,100361,487637,20.40778789,20.0650691,1.06102946
115,1/07/2016,Jul-16,carrier,2497902,113601,502457,21.98838038,20.0650691,1.06102946
116,1/08/2016,Aug-16,carrier,2339274,103421,498347,22.61894586,20.0650691,1.06102946
117,1/09/2016,Sep-16,carrier,1222274,63686,454878,19.19219295,20.0650691,1.06102946
118,1/10/2016,Oct-16,carrier,1200593,63470,472626,18.91591303,20.0650691,1.06102946
119,1/11/2016,Nov-16,carrier,1126229,58871,450938,19.13045472,20.0650691,1.06102946
120,1/12/2016,Dec-16,carrier,2127819,103593,460949,20.54018129,20.0650691,1.06102946
121,1/01/2007,Jan-07,weather,505125,150144,621559,3.364270301,3.068828845,0
122,1/02/2007,Feb-07,weather,646296,158435,565604,4.079250166,3.068828845,0
123,1/03/2007,Mar-07,weather,404860,152689,639209,2.651533509,3.068828845,0
124,1/04/2007,Apr-07,weather,317424,136991,614648,2.317115723,3.068828845,0
125,1/05/2007,May-07,weather,382267,131298,631609,2.911445719,3.068828845,0
126,1/06/2007,Jun-07,weather,803209,181502,629280,4.425345175,3.068828845,0
127,1/07/2007,Jul-07,weather,698240,180319,648560,3.872248626,3.068828845,0
128,1/08/2007,Aug-07,weather,547181,170851,653279,3.202679528,3.068828845,0
129,1/09/2007,Sep-07,weather,246889,102383,600187,2.411425725,3.068828845,0
130,1/10/2007,Oct-07,weather,287745,128977,629992,2.230979167,3.068828845,0
131,1/11/2007,Nov-07,weather,203195,113680,605149,1.787429627,3.068828845,0
132,1/12/2007,Dec-07,weather,702867,196759,616382,3.572222872,3.068828845,0
133,1/01/2008,Jan-08,weather,429828,148807,605765,2.888493149,2.843470725,-0.22535812
134,1/02/2008,Feb-08,weather,544326,156237,569236,3.483976267,2.843470725,-0.22535812
135,1/03/2008,Mar-08,weather,474687,157370,616090,3.016375421,2.843470725,-0.22535812
136,1/04/2008,Apr-08,weather,268806,122169,598126,2.20027994,2.843470725,-0.22535812
137,1/05/2008,May-08,weather,240013,120126,606293,1.998010422,2.843470725,-0.22535812
138,1/06/2008,Jun-08,weather,571832,164260,608665,3.481261415,2.843470725,-0.22535812
139,1/07/2008,Jul-08,weather,555794,140050,627931,3.968539807,2.843470725,-0.22535812
140,1/08/2008,Aug-08,weather,398906,120481,612279,3.310945294,2.843470725,-0.22535812
141,1/09/2008,Sep-08,weather,157032,71149,540908,2.207086537,2.843470725,-0.22535812
142,1/10/2008,Oct-08,weather,105092,73517,556205,1.429492498,2.843470725,-0.22535812
143,1/11/2008,Nov-08,weather,139442,81922,523272,1.702131296,2.843470725,-0.22535812
144,1/12/2008,Dec-08,weather,747959,168647,544956,4.435056657,2.843470725,-0.22535812
145,1/01/2009,Jan-09,weather,367294,108656,532339,3.380337947,2.594124776,-0.249345949
146,1/02/2009,Feb-09,weather,151866,78087,488410,1.944830766,2.594124776,-0.249345949
147,1/03/2009,Mar-09,weather,285155,107408,557422,2.654876732,2.594124776,-0.249345949
148,1/04/2009,Apr-09,weather,353424,102681,537793,3.441961025,2.594124776,-0.249345949
149,1/05/2009,May-09,weather,238418,100688,546832,2.367888924,2.594124776,-0.249345949
150,1/06/2009,Jun-09,weather,414439,122886,557594,3.372548541,2.594124776,-0.249345949
151,1/07/2009,Jul-09,weather,330616,121429,580134,2.72271039,2.594124776,-0.249345949
152,1/08/2009,Aug-09,weather,283920,108382,568301,2.619623185,2.594124776,-0.249345949
153,1/09/2009,Sep-09,weather,143152,66762,510852,2.144213774,2.594124776,-0.249345949
154,1/10/2009,Oct-09,weather,208114,114549,531799,1.816812019,2.594124776,-0.249345949
155,1/11/2009,Nov-09,weather,72053,54740,509540,1.316276946,2.594124776,-0.249345949
156,1/12/2009,Dec-09,weather,441926,132020,529269,3.347417058,2.594124776,-0.249345949
157,1/01/2010,Jan-10,weather,258297,96928,521809,2.664833691,2.309312884,-0.284811892
158,1/02/2010,Feb-10,weather,308111,95021,483270,3.242556908,2.309312884,-0.284811892
159,1/03/2010,Mar-10,weather,227050,100534,549262,2.258439931,2.309312884,-0.284811892
160,1/04/2010,Apr-10,weather,121930,73184,529330,1.666074552,2.309312884,-0.284811892
161,1/05/2010,May-10,weather,277376,100683,542747,2.754943734,2.309312884,-0.284811892
162,1/06/2010,Jun-10,weather,324997,120007,551687,2.708150358,2.309312884,-0.284811892
163,1/07/2010,Jul-10,weather,340059,122900,570788,2.766956876,2.309312884,-0.284811892
164,1/08/2010,Aug-10,weather,200689,97597,569217,2.05630296,2.309312884,-0.284811892
165,1/09/2010,Sep-10,weather,144822,72738,526107,1.991008826,2.309312884,-0.284811892
166,1/10/2010,Oct-10,weather,145112,82391,545519,1.761260332,2.309312884,-0.284811892
167,1/11/2010,Nov-10,weather,109983,83138,520999,1.32289687,2.309312884,-0.284811892
168,1/12/2010,Dec-10,weather,326786,129763,539382,2.51832957,2.309312884,-0.284811892
169,1/01/2011,Jan-11,weather,227464,97078,494400,2.343105544,2.223527254,-0.08578563
170,1/02/2011,Feb-11,weather,258294,92709,455516,2.78607255,2.223527254,-0.08578563
171,1/03/2011,Mar-11,weather,141124,101542,526687,1.389809143,2.223527254,-0.08578563
172,1/04/2011,Apr-11,weather,247048,112528,507024,2.195435803,2.223527254,-0.08578563
173,1/05/2011,May-11,weather,344779,107145,520612,3.217872976,2.223527254,-0.08578563
174,1/06/2011,Jun-11,weather,315736,111137,528588,2.840962056,2.223527254,-0.08578563
175,1/07/2011,Jul-11,weather,280585,110478,547219,2.539736418,2.223527254,-0.08578563
176,1/08/2011,Aug-11,weather,303533,96632,541442,3.141123023,2.223527254,-0.08578563
177,1/09/2011,Sep-11,weather,134094,73512,487468,1.824110349,2.223527254,-0.08578563
178,1/10/2011,Oct-11,weather,104732,68219,504397,1.53523212,2.223527254,-0.08578563
179,1/11/2011,Nov-11,weather,76733,66279,478040,1.157727184,2.223527254,-0.08578563
180,1/12/2011,Dec-11,weather,124251,72613,493888,1.711139879,2.223527254,-0.08578563
181,1/01/2012,Jan-12,weather,215457,70908,486133,3.038542901,2.203238935,-0.020288319
182,1/02/2012,Feb-12,weather,116626,58987,464826,1.977147507,2.203238935,-0.020288319
183,1/03/2012,Mar-12,weather,199416,86476,521628,2.306027106,2.203238935,-0.020288319
184,1/04/2012,Apr-12,weather,144825,63639,505218,2.275727148,2.203238935,-0.020288319
185,1/05/2012,May-12,weather,235352,80453,518423,2.925335289,2.203238935,-0.020288319
186,1/06/2012,Jun-12,weather,218325,94684,526933,2.305827806,2.203238935,-0.020288319
187,1/07/2012,Jul-12,weather,380130,121396,545131,3.131322284,2.203238935,-0.020288319
188,1/08/2012,Aug-12,weather,222523,104434,540793,2.130752437,2.203238935,-0.020288319
189,1/09/2012,Sep-12,weather,109777,77075,490199,1.424288031,2.203238935,-0.020288319
190,1/10/2012,Oct-12,weather,89858,86545,515254,1.038280663,2.203238935,-0.020288319
191,1/11/2012,Nov-12,weather,99977,63834,488006,1.566202964,2.203238935,-0.020288319
192,1/12/2012,Dec-12,weather,247544,106727,494218,2.319413082,2.203238935,-0.020288319
193,1/01/2013,Jan-13,weather,233603,88210,509519,2.648259834,2.246526391,0.043287456
194,1/02/2013,Feb-13,weather,190890,83565,469746,2.284329564,2.246526391,0.043287456
195,1/03/2013,Mar-13,weather,226006,101743,552312,2.221342009,2.246526391,0.043287456
196,1/04/2013,Apr-13,weather,270386,111306,536393,2.42921316,2.246526391,0.043287456
197,1/05/2013,May-13,weather,260324,105278,548642,2.472729345,2.246526391,0.043287456
198,1/06/2013,Jun-13,weather,508863,143184,552141,3.553909655,2.246526391,0.043287456
199,1/07/2013,Jul-13,weather,343062,142559,571623,2.406456274,2.246526391,0.043287456
200,1/08/2013,Aug-13,weather,206418,112650,562921,1.832383489,2.246526391,0.043287456
201,1/09/2013,Sep-13,weather,158422,77134,510806,2.053854331,2.246526391,0.043287456
202,1/10/2013,Oct-13,weather,78051,81338,535344,0.959588384,2.246526391,0.043287456
203,1/11/2013,Nov-13,weather,109446,77352,503296,1.41490847,2.246526391,0.043287456
204,1/12/2013,Dec-13,weather,388682,144958,516739,2.681342182,2.246526391,0.043287456
205,1/01/2014,Jan-14,weather,578051,119994,471949,4.817332533,2.327263959,0.080737568
206,1/02/2014,Feb-14,weather,286760,101440,430602,2.826892744,2.327263959,0.080737568
207,1/03/2014,Mar-14,weather,163780,102297,503758,1.601024468,2.327263959,0.080737568
208,1/04/2014,Apr-14,weather,142051,91806,483499,1.547295384,2.327263959,0.080737568
209,1/05/2014,May-14,weather,270690,104145,499278,2.599164626,2.327263959,0.080737568
210,1/06/2014,Jun-14,weather,379880,129706,502617,2.928777389,2.327263959,0.080737568
211,1/07/2014,Jul-14,weather,319170,117151,520880,2.72443257,2.327263959,0.080737568
212,1/08/2014,Aug-14,weather,291580,105706,507491,2.758405389,2.327263959,0.080737568
213,1/09/2014,Sep-14,weather,127408,81178,469489,1.56948927,2.327263959,0.080737568
214,1/10/2014,Oct-14,weather,132092,92285,491011,1.43134854,2.327263959,0.080737568
215,1/11/2014,Nov-14,weather,155442,84657,462054,1.836138772,2.327263959,0.080737568
216,1/12/2014,Dec-14,weather,141765,110163,477183,1.286865826,2.327263959,0.080737568
217,1/01/2015,Jan-15,weather,263087,95951,469968,2.741889089,2.858927358,0.531663399
218,1/02/2015,Feb-15,weather,411265,95179,429191,4.320963658,2.858927358,0.531663399
219,1/03/2015,Mar-15,weather,228661,95452,504312,2.395560072,2.858927358,0.531663399
220,1/04/2015,Apr-15,weather,221590,82247,485151,2.694201612,2.858927358,0.531663399
221,1/05/2015,May-15,weather,336555,89645,496993,3.754308662,2.858927358,0.531663399
222,1/06/2015,Jun-15,weather,380699,115742,503897,3.289203573,2.858927358,0.531663399
223,1/07/2015,Jul-15,weather,232468,107627,520718,2.159941279,2.858927358,0.531663399
224,1/08/2015,Aug-15,weather,265792,94113,510536,2.824179444,2.858927358,0.531663399
225,1/09/2015,Sep-15,weather,137043,60061,464946,2.281730241,2.858927358,0.531663399
226,1/10/2015,Oct-15,weather,109225,60079,486165,1.818022936,2.858927358,0.531663399
227,1/11/2015,Nov-15,weather,186950,70571,467972,2.649105157,2.858927358,0.531663399
228,1/12/2015,Dec-15,weather,326898,96772,479230,3.378022569,2.858927358,0.531663399
229,1/01/2016,Jan-16,weather,201062,70882,445827,2.83657346,2.597966234,-0.260961124
230,1/02/2016,Feb-16,weather,210953,61680,423889,3.420119974,2.597966234,-0.260961124
231,1/03/2016,Mar-16,weather,173779,82569,479122,2.104651867,2.597966234,-0.260961124
232,1/04/2016,Apr-16,weather,134966,66607,461630,2.026303542,2.597966234,-0.260961124
233,1/05/2016,May-16,weather,224874,75498,479358,2.978542478,2.597966234,-0.260961124
234,1/06/2016,Jun-16,weather,307635,100361,487637,3.065284324,2.597966234,-0.260961124
235,1/07/2016,Jul-16,weather,424589,113601,502457,3.737546324,2.597966234,-0.260961124
236,1/08/2016,Aug-16,weather,278303,103421,498347,2.690971853,2.597966234,-0.260961124
237,1/09/2016,Sep-16,weather,145223,63686,454878,2.280297083,2.597966234,-0.260961124
238,1/10/2016,Oct-16,weather,65068,63470,472626,1.025177249,2.597966234,-0.260961124
239,1/11/2016,Nov-16,weather,104498,58871,450938,1.775033548,2.597966234,-0.260961124
240,1/12/2016,Dec-16,weather,335133,103593,460949,3.235093105,2.597966234,-0.260961124
241,1/01/2007,Jan-07,NAS,2234312,150144,621559,14.88112745,15.59041828,0
242,1/02/2007,Feb-07,NAS,2208587,158435,565604,13.94001957,15.59041828,0
243,1/03/2007,Mar-07,NAS,2304310,152689,639209,15.09152591,15.59041828,0
244,1/04/2007,Apr-07,NAS,2205125,136991,614648,16.09686038,15.59041828,0
245,1/05/2007,May-07,NAS,2063976,131298,631609,15.71978248,15.59041828,0
246,1/06/2007,Jun-07,NAS,3244260,181502,629280,17.87451378,15.59041828,0
247,1/07/2007,Jul-07,NAS,2811468,180319,648560,15.59163482,15.59041828,0
248,1/08/2007,Aug-07,NAS,2701698,170851,653279,15.81318225,15.59041828,0
249,1/09/2007,Sep-07,NAS,1495285,102383,600187,14.60481721,15.59041828,0
250,1/10/2007,Oct-07,NAS,2127859,128977,629992,16.49797251,15.59041828,0
251,1/11/2007,Nov-07,NAS,1753846,113680,605149,15.42792048,15.59041828,0
252,1/12/2007,Dec-07,NAS,3058749,196759,616382,15.54566246,15.59041828,0
253,1/01/2008,Jan-08,NAS,2422180,148807,605765,16.27732566,17.07511993,1.48470165
254,1/02/2008,Feb-08,NAS,2572644,156237,569236,16.4662916,17.07511993,1.48470165
255,1/03/2008,Mar-08,NAS,2487133,157370,616090,15.80436551,17.07511993,1.48470165
256,1/04/2008,Apr-08,NAS,1964005,122169,598126,16.07613224,17.07511993,1.48470165
257,1/05/2008,May-08,NAS,1996671,120126,606293,16.62147245,17.07511993,1.48470165
258,1/06/2008,Jun-08,NAS,3226918,164260,608665,19.64518446,17.07511993,1.48470165
259,1/07/2008,Jul-08,NAS,2716037,140050,627931,19.39333809,17.07511993,1.48470165
260,1/08/2008,Aug-08,NAS,2068748,120481,612279,17.17074061,17.07511993,1.48470165
261,1/09/2008,Sep-08,NAS,1177489,71149,540908,16.54962122,17.07511993,1.48470165
262,1/10/2008,Oct-08,NAS,1102384,73517,556205,14.99495355,17.07511993,1.48470165
263,1/11/2008,Nov-08,NAS,1527896,81922,523272,18.65061888,17.07511993,1.48470165
264,1/12/2008,Dec-08,NAS,2909396,168647,544956,17.25139493,17.07511993,1.48470165
265,1/01/2009,Jan-09,NAS,1762603,108656,532339,16.22186534,16.49652728,-0.57859265
266,1/02/2009,Feb-09,NAS,1434960,78087,488410,18.37642629,16.49652728,-0.57859265
267,1/03/2009,Mar-09,NAS,1855778,107408,557422,17.27783778,16.49652728,-0.57859265
268,1/04/2009,Apr-09,NAS,2017471,102681,537793,19.6479485,16.49652728,-0.57859265
269,1/05/2009,May-09,NAS,1767069,100688,546832,17.54994637,16.49652728,-0.57859265
270,1/06/2009,Jun-09,NAS,2151260,122886,557594,17.50614391,16.49652728,-0.57859265
271,1/07/2009,Jul-09,NAS,1885143,121429,580134,15.52465227,16.49652728,-0.57859265
272,1/08/2009,Aug-09,NAS,1664002,108382,568301,15.35312137,16.49652728,-0.57859265
273,1/09/2009,Sep-09,NAS,960110,66762,510852,14.38108505,16.49652728,-0.57859265
274,1/10/2009,Oct-09,NAS,1933420,114549,531799,16.87854106,16.49652728,-0.57859265
275,1/11/2009,Nov-09,NAS,759259,54740,509540,13.87027768,16.49652728,-0.57859265
276,1/12/2009,Dec-09,NAS,2029211,132020,529269,15.37048175,16.49652728,-0.57859265
277,1/01/2010,Jan-10,NAS,1411991,96928,521809,14.56742118,13.78104815,-2.71547913
278,1/02/2010,Feb-10,NAS,1389019,95021,483270,14.61802128,13.78104815,-2.71547913
279,1/03/2010,Mar-10,NAS,1463005,100534,549262,14.5523405,13.78104815,-2.71547913
280,1/04/2010,Apr-10,NAS,930462,73184,529330,12.71400853,13.78104815,-2.71547913
281,1/05/2010,May-10,NAS,1591463,100683,542747,15.80667044,13.78104815,-2.71547913
282,1/06/2010,Jun-10,NAS,1721647,120007,551687,14.34622147,13.78104815,-2.71547913
283,1/07/2010,Jul-10,NAS,1649654,122900,570788,13.42273393,13.78104815,-2.71547913
284,1/08/2010,Aug-10,NAS,1244824,97597,569217,12.75473631,13.78104815,-2.71547913
285,1/09/2010,Sep-10,NAS,1014346,72738,526107,13.94520058,13.78104815,-2.71547913
286,1/10/2010,Oct-10,NAS,1100194,82391,545519,13.35332743,13.78104815,-2.71547913
287,1/11/2010,Nov-10,NAS,1015379,83138,520999,12.21317568,13.78104815,-2.71547913
288,1/12/2010,Dec-10,NAS,1697134,129763,539382,13.07872044,13.78104815,-2.71547913
289,1/01/2011,Jan-11,NAS,1211385,97078,494400,12.47847092,13.69314716,-0.08790099
290,1/02/2011,Feb-11,NAS,1267792,92709,455516,13.67496144,13.69314716,-0.08790099
291,1/03/2011,Mar-11,NAS,1344471,101542,526687,13.24054086,13.69314716,-0.08790099
292,1/04/2011,Apr-11,NAS,1735882,112528,507024,15.42622281,13.69314716,-0.08790099
293,1/05/2011,May-11,NAS,1700346,107145,520612,15.86957861,13.69314716,-0.08790099
294,1/06/2011,Jun-11,NAS,1512665,111137,528588,13.61081368,13.69314716,-0.08790099
295,1/07/2011,Jul-11,NAS,1493581,110478,547219,13.51926175,13.69314716,-0.08790099
296,1/08/2011,Aug-11,NAS,1361589,96632,541442,14.09045658,13.69314716,-0.08790099
297,1/09/2011,Sep-11,NAS,1014824,73512,487468,13.80487539,13.69314716,-0.08790099
298,1/10/2011,Oct-11,NAS,863539,68219,504397,12.65833565,13.69314716,-0.08790099
299,1/11/2011,Nov-11,NAS,907791,66279,478040,13.69651021,13.69314716,-0.08790099
300,1/12/2011,Dec-11,NAS,889345,72613,493888,12.24773801,13.69314716,-0.08790099
301,1/01/2012,Jan-12,NAS,984413,70908,486133,13.88296102,12.49779149,-1.19535567
302,1/02/2012,Feb-12,NAS,684334,58987,464826,11.6014376,12.49779149,-1.19535567
303,1/03/2012,Mar-12,NAS,1038001,86476,521628,12.00334197,12.49779149,-1.19535567
304,1/04/2012,Apr-12,NAS,644874,63639,505218,10.13331448,12.49779149,-1.19535567
305,1/05/2012,May-12,NAS,1046010,80453,518423,13.00150398,12.49779149,-1.19535567
306,1/06/2012,Jun-12,NAS,1176826,94684,526933,12.42898483,12.49779149,-1.19535567
307,1/07/2012,Jul-12,NAS,1740721,121396,545131,14.33919569,12.49779149,-1.19535567
308,1/08/2012,Aug-12,NAS,1333356,104434,540793,12.76745121,12.49779149,-1.19535567
309,1/09/2012,Sep-12,NAS,1043458,77075,490199,13.53821602,12.49779149,-1.19535567
310,1/10/2012,Oct-12,NAS,1093078,86545,515254,12.63016928,12.49779149,-1.19535567
311,1/11/2012,Nov-12,NAS,714364,63834,488006,11.19096406,12.49779149,-1.19535567
312,1/12/2012,Dec-12,NAS,1329387,106727,494218,12.45595772,12.49779149,-1.19535567
313,1/01/2013,Jan-13,NAS,1148931,88210,509519,13.02495182,13.57242263,1.07463114
314,1/02/2013,Feb-13,NAS,1119658,83565,469746,13.39864776,13.57242263,1.07463114
315,1/03/2013,Mar-13,NAS,1447591,101743,552312,14.2279174,13.57242263,1.07463114
316,1/04/2013,Apr-13,NAS,1765792,111306,536393,15.86430201,13.57242263,1.07463114
317,1/05/2013,May-13,NAS,1592755,105278,548642,15.12903931,13.57242263,1.07463114
318,1/06/2013,Jun-13,NAS,2243833,143184,552141,15.67097581,13.57242263,1.07463114
319,1/07/2013,Jul-13,NAS,2170773,142559,571623,15.22719015,13.57242263,1.07463114
320,1/08/2013,Aug-13,NAS,1398283,112650,562921,12.41263205,13.57242263,1.07463114
321,1/09/2013,Sep-13,NAS,1014977,77134,510806,13.15862006,13.57242263,1.07463114
322,1/10/2013,Oct-13,NAS,932630,81338,535344,11.4661044,13.57242263,1.07463114
323,1/11/2013,Nov-13,NAS,897294,77352,503296,11.60013962,13.57242263,1.07463114
324,1/12/2013,Dec-13,NAS,1694349,144958,516739,11.68855117,13.57242263,1.07463114
325,1/01/2014,Jan-14,NAS,1476657,119994,471949,12.3060903,13.36537518,-0.20704745
326,1/02/2014,Feb-14,NAS,1369808,101440,430602,13.50362776,13.36537518,-0.20704745
327,1/03/2014,Mar-14,NAS,1168846,102297,503758,11.42600467,13.36537518,-0.20704745
328,1/04/2014,Apr-14,NAS,1185096,91806,483499,12.90869878,13.36537518,-0.20704745
329,1/05/2014,May-14,NAS,1493938,104145,499278,14.34478852,13.36537518,-0.20704745
330,1/06/2014,Jun-14,NAS,1788826,129706,502617,13.79138976,13.36537518,-0.20704745
331,1/07/2014,Jul-14,NAS,1503200,117151,520880,12.83130319,13.36537518,-0.20704745
332,1/08/2014,Aug-14,NAS,1381727,105706,507491,13.07141506,13.36537518,-0.20704745
333,1/09/2014,Sep-14,NAS,1200983,81178,469489,14.79443938,13.36537518,-0.20704745
334,1/10/2014,Oct-14,NAS,1416315,92285,491011,15.34718535,13.36537518,-0.20704745
335,1/11/2014,Nov-14,NAS,1117363,84657,462054,13.19870773,13.36537518,-0.20704745
336,1/12/2014,Dec-14,NAS,1416790,110163,477183,12.86085165,13.36537518,-0.20704745
337,1/01/2015,Jan-15,NAS,1278055,95951,469968,13.3198716,13.47845447,0.11307929
338,1/02/2015,Feb-15,NAS,1349173,95179,429191,14.17511216,13.47845447,0.11307929
339,1/03/2015,Mar-15,NAS,1228893,95452,504312,12.87446046,13.47845447,0.11307929
340,1/04/2015,Apr-15,NAS,1118027,82247,485151,13.59352925,13.47845447,0.11307929
341,1/05/2015,May-15,NAS,1254652,89645,496993,13.99578337,13.47845447,0.11307929
342,1/06/2015,Jun-15,NAS,1630868,115742,503897,14.09054621,13.47845447,0.11307929
343,1/07/2015,Jul-15,NAS,1343455,107627,520718,12.48250904,13.47845447,0.11307929
344,1/08/2015,Aug-15,NAS,1274603,94113,510536,13.54332558,13.47845447,0.11307929
345,1/09/2015,Sep-15,NAS,786621,60061,464946,13.09703468,13.47845447,0.11307929
346,1/10/2015,Oct-15,NAS,802697,60079,486165,13.36069176,13.47845447,0.11307929
347,1/11/2015,Nov-15,NAS,981254,70571,467972,13.90449335,13.47845447,0.11307929
348,1/12/2015,Dec-15,NAS,1287464,96772,479230,13.30409623,13.47845447,0.11307929
349,1/01/2016,Jan-16,NAS,898816,70882,445827,12.68045484,14.63199189,1.15353742
350,1/02/2016,Feb-16,NAS,1018818,61680,423889,16.51780156,14.63199189,1.15353742
351,1/03/2016,Mar-16,NAS,1302715,82569,479122,15.7772893,14.63199189,1.15353742
352,1/04/2016,Apr-16,NAS,893529,66607,461630,13.41494137,14.63199189,1.15353742
353,1/05/2016,May-16,NAS,1025535,75498,479358,13.58360486,14.63199189,1.15353742
354,1/06/2016,Jun-16,NAS,1364953,100361,487637,13.60043244,14.63199189,1.15353742
355,1/07/2016,Jul-16,NAS,1872888,113601,502457,16.48654501,14.63199189,1.15353742
356,1/08/2016,Aug-16,NAS,1637369,103421,498347,15.83207472,14.63199189,1.15353742
357,1/09/2016,Sep-16,NAS,964077,63686,454878,15.13797381,14.63199189,1.15353742
358,1/10/2016,Oct-16,NAS,947610,63470,472626,14.93004569,14.63199189,1.15353742
359,1/11/2016,Nov-16,NAS,812488,58871,450938,13.80115847,14.63199189,1.15353742
360,1/12/2016,Dec-16,NAS,1431819,103593,460949,13.82158061,14.63199189,1.15353742
361,1/01/2007,Jan-07,security,12124,150144,621559,0.080749147,0.097088005,0
362,1/02/2007,Feb-07,security,14144,158435,565604,0.089273204,0.097088005,0
363,1/03/2007,Mar-07,security,13737,152689,639209,0.089967188,0.097088005,0
364,1/04/2007,Apr-07,security,14453,136991,614648,0.105503281,0.097088005,0
365,1/05/2007,May-07,security,11686,131298,631609,0.089003641,0.097088005,0
366,1/06/2007,Jun-07,security,20560,181502,629280,0.113276989,0.097088005,0
367,1/07/2007,Jul-07,security,23045,180319,648560,0.127801285,0.097088005,0
368,1/08/2007,Aug-07,security,17971,170851,653279,0.10518522,0.097088005,0
369,1/09/2007,Sep-07,security,11244,102383,600187,0.10982292,0.097088005,0
370,1/10/2007,Oct-07,security,11612,128977,629992,0.090031556,0.097088005,0
371,1/11/2007,Nov-07,security,8190,113680,605149,0.072044335,0.097088005,0
372,1/12/2007,Dec-07,security,18180,196759,616382,0.092397298,0.097088005,0
373,1/01/2008,Jan-08,security,12912,148807,605765,0.086770112,0.073413894,-0.023674111
374,1/02/2008,Feb-08,security,11361,156237,569236,0.07271645,0.073413894,-0.023674111
375,1/03/2008,Mar-08,security,15117,157370,616090,0.09606024,0.073413894,-0.023674111
376,1/04/2008,Apr-08,security,7645,122169,598126,0.06257725,0.073413894,-0.023674111
377,1/05/2008,May-08,security,9751,120126,606293,0.081173102,0.073413894,-0.023674111
378,1/06/2008,Jun-08,security,10614,164260,608665,0.06461707,0.073413894,-0.023674111
379,1/07/2008,Jul-08,security,13126,140050,627931,0.09372367,0.073413894,-0.023674111
380,1/08/2008,Aug-08,security,7414,120481,612279,0.061536674,0.073413894,-0.023674111
381,1/09/2008,Sep-08,security,4823,71149,540908,0.06778732,0.073413894,-0.023674111
382,1/10/2008,Oct-08,security,5285,73517,556205,0.071888135,0.073413894,-0.023674111
383,1/11/2008,Nov-08,security,4087,81922,523272,0.049888919,0.073413894,-0.023674111
384,1/12/2008,Dec-08,security,12181,168647,544956,0.072227789,0.073413894,-0.023674111
385,1/01/2009,Jan-09,security,6491,108656,532339,0.059738993,0.061350727,-0.012063168
386,1/02/2009,Feb-09,security,3605,78087,488410,0.046166455,0.061350727,-0.012063168
387,1/03/2009,Mar-09,security,6230,107408,557422,0.058003128,0.061350727,-0.012063168
388,1/04/2009,Apr-09,security,4156,102681,537793,0.040474869,0.061350727,-0.012063168
389,1/05/2009,May-09,security,4936,100688,546832,0.049022724,0.061350727,-0.012063168
390,1/06/2009,Jun-09,security,8071,122886,557594,0.065678759,0.061350727,-0.012063168
391,1/07/2009,Jul-09,security,7001,121429,580134,0.057655091,0.061350727,-0.012063168
392,1/08/2009,Aug-09,security,11387,108382,568301,0.105063571,0.061350727,-0.012063168
393,1/09/2009,Sep-09,security,3015,66762,510852,0.045160421,0.061350727,-0.012063168
394,1/10/2009,Oct-09,security,6832,114549,531799,0.059642598,0.061350727,-0.012063168
395,1/11/2009,Nov-09,security,1876,54740,509540,0.0342711,0.061350727,-0.012063168
396,1/12/2009,Dec-09,security,15226,132020,529269,0.11533101,0.061350727,-0.012063168
397,1/01/2010,Jan-10,security,22679,96928,521809,0.233977798,0.090961352,0.029610625
398,1/02/2010,Feb-10,security,10212,95021,483270,0.10747098,0.090961352,0.029610625
399,1/03/2010,Mar-10,security,9999,100534,549262,0.09945889,0.090961352,0.029610625
400,1/04/2010,Apr-10,security,8255,73184,529330,0.112797879,0.090961352,0.029610625
401,1/05/2010,May-10,security,5973,100683,542747,0.059324812,0.090961352,0.029610625
402,1/06/2010,Jun-10,security,7033,120007,551687,0.058604915,0.090961352,0.029610625
403,1/07/2010,Jul-10,security,9321,122900,570788,0.075842148,0.090961352,0.029610625
404,1/08/2010,Aug-10,security,6677,97597,569217,0.068413988,0.090961352,0.029610625
405,1/09/2010,Sep-10,security,3548,72738,526107,0.048777805,0.090961352,0.029610625
406,1/10/2010,Oct-10,security,5352,82391,545519,0.064958551,0.090961352,0.029610625
407,1/11/2010,Nov-10,security,4723,83138,520999,0.056809161,0.090961352,0.029610625
408,1/12/2010,Dec-10,security,13638,129763,539382,0.105099296,0.090961352,0.029610625
409,1/01/2011,Jan-11,security,11309,97078,494400,0.116493953,0.072501441,-0.018459911
410,1/02/2011,Feb-11,security,7112,92709,455516,0.076713156,0.072501441,-0.018459911
411,1/03/2011,Mar-11,security,6410,101542,526687,0.063126588,0.072501441,-0.018459911
412,1/04/2011,Apr-11,security,7915,112528,507024,0.070338049,0.072501441,-0.018459911
413,1/05/2011,May-11,security,8222,107145,520612,0.076737132,0.072501441,-0.018459911
414,1/06/2011,Jun-11,security,9972,111137,528588,0.089727094,0.072501441,-0.018459911
415,1/07/2011,Jul-11,security,4909,110478,547219,0.044434186,0.072501441,-0.018459911
416,1/08/2011,Aug-11,security,7952,96632,541442,0.08229158,0.072501441,-0.018459911
417,1/09/2011,Sep-11,security,5110,73512,487468,0.069512461,0.072501441,-0.018459911
418,1/10/2011,Oct-11,security,4860,68219,504397,0.07124115,0.072501441,-0.018459911
419,1/11/2011,Nov-11,security,3788,66279,478040,0.057152341,0.072501441,-0.018459911
420,1/12/2011,Dec-11,security,3794,72613,493888,0.052249597,0.072501441,-0.018459911
421,1/01/2012,Jan-12,security,3706,70908,486133,0.052264907,0.072063897,-0.000437543
422,1/02/2012,Feb-12,security,5986,58987,464826,0.101479987,0.072063897,-0.000437543
423,1/03/2012,Mar-12,security,3954,86476,521628,0.045723669,0.072063897,-0.000437543
424,1/04/2012,Apr-12,security,4733,63639,505218,0.074372633,0.072063897,-0.000437543
425,1/05/2012,May-12,security,6216,80453,518423,0.077262501,0.072063897,-0.000437543
426,1/06/2012,Jun-12,security,7133,94684,526933,0.075334798,0.072063897,-0.000437543
427,1/07/2012,Jul-12,security,6763,121396,545131,0.055710238,0.072063897,-0.000437543
428,1/08/2012,Aug-12,security,10177,104434,540793,0.097449107,0.072063897,-0.000437543
429,1/09/2012,Sep-12,security,5301,77075,490199,0.068777165,0.072063897,-0.000437543
430,1/10/2012,Oct-12,security,6015,86545,515254,0.069501415,0.072063897,-0.000437543
431,1/11/2012,Nov-12,security,3883,63834,488006,0.060829652,0.072063897,-0.000437543
432,1/12/2012,Dec-12,security,9185,106727,494218,0.086060697,0.072063897,-0.000437543
433,1/01/2013,Jan-13,security,6304,88210,509519,0.07146582,0.08763283,0.015568933
434,1/02/2013,Feb-13,security,4718,83565,469746,0.056459044,0.08763283,0.015568933
435,1/03/2013,Mar-13,security,8131,101743,552312,0.079917046,0.08763283,0.015568933
436,1/04/2013,Apr-13,security,7743,111306,536393,0.069564983,0.08763283,0.015568933
437,1/05/2013,May-13,security,7095,105278,548642,0.067392998,0.08763283,0.015568933
438,1/06/2013,Jun-13,security,9445,143184,552141,0.065964074,0.08763283,0.015568933
439,1/07/2013,Jul-13,security,8541,142559,571623,0.059912036,0.08763283,0.015568933
440,1/08/2013,Aug-13,security,7732,112650,562921,0.068637372,0.08763283,0.015568933
441,1/09/2013,Sep-13,security,5186,77134,510806,0.067233645,0.08763283,0.015568933
442,1/10/2013,Oct-13,security,4585,81338,535344,0.056369716,0.08763283,0.015568933
443,1/11/2013,Nov-13,security,25367,77352,503296,0.327942393,0.08763283,0.015568933
444,1/12/2013,Dec-13,security,8804,144958,516739,0.060734834,0.08763283,0.015568933
445,1/01/2014,Jan-14,security,5353,119994,471949,0.044610564,0.053042238,-0.034590592
446,1/02/2014,Feb-14,security,4337,101440,430602,0.042754338,0.053042238,-0.034590592
447,1/03/2014,Mar-14,security,3821,102297,503758,0.037352024,0.053042238,-0.034590592
448,1/04/2014,Apr-14,security,4055,91806,483499,0.044169226,0.053042238,-0.034590592
449,1/05/2014,May-14,security,6731,104145,499278,0.064631043,0.053042238,-0.034590592
450,1/06/2014,Jun-14,security,6428,129706,502617,0.049558232,0.053042238,-0.034590592
451,1/07/2014,Jul-14,security,5460,117151,520880,0.046606516,0.053042238,-0.034590592
452,1/08/2014,Aug-14,security,7436,105706,507491,0.070346054,0.053042238,-0.034590592
453,1/09/2014,Sep-14,security,6411,81178,469489,0.078974599,0.053042238,-0.034590592
454,1/10/2014,Oct-14,security,4033,92285,491011,0.043701577,0.053042238,-0.034590592
455,1/11/2014,Nov-14,security,4155,84657,462054,0.049080407,0.053042238,-0.034590592
456,1/12/2014,Dec-14,security,7130,110163,477183,0.064722275,0.053042238,-0.034590592
457,1/01/2015,Jan-15,security,6700,95951,469968,0.069827308,0.077113978,0.02407174
458,1/02/2015,Feb-15,security,4580,95179,429191,0.048119858,0.077113978,0.02407174
459,1/03/2015,Mar-15,security,6586,95452,504312,0.06899803,0.077113978,0.02407174
460,1/04/2015,Apr-15,security,3660,82247,485151,0.044500103,0.077113978,0.02407174
461,1/05/2015,May-15,security,5711,89645,496993,0.063706844,0.077113978,0.02407174
462,1/06/2015,Jun-15,security,7084,115742,503897,0.061205094,0.077113978,0.02407174
463,1/07/2015,Jul-15,security,6821,107627,520718,0.06337629,0.077113978,0.02407174
464,1/08/2015,Aug-15,security,11993,94113,510536,0.127431917,0.077113978,0.02407174
465,1/09/2015,Sep-15,security,5968,60061,464946,0.099365645,0.077113978,0.02407174
466,1/10/2015,Oct-15,security,3040,60079,486165,0.050600043,0.077113978,0.02407174
467,1/11/2015,Nov-15,security,8740,70571,467972,0.123846906,0.077113978,0.02407174
468,1/12/2015,Dec-15,security,10102,96772,479230,0.104389699,0.077113978,0.02407174
469,1/01/2016,Jan-16,security,5700,70882,445827,0.080415338,0.082732783,0.005618805
470,1/02/2016,Feb-16,security,4119,61680,423889,0.066780156,0.082732783,0.005618805
471,1/03/2016,Mar-16,security,7949,82569,479122,0.096270998,0.082732783,0.005618805
472,1/04/2016,Apr-16,security,4833,66607,461630,0.072559941,0.082732783,0.005618805
473,1/05/2016,May-16,security,5808,75498,479358,0.07692919,0.082732783,0.005618805
474,1/06/2016,Jun-16,security,10938,100361,487637,0.108986559,0.082732783,0.005618805
475,1/07/2016,Jul-16,security,7017,113601,502457,0.061768822,0.082732783,0.005618805
476,1/08/2016,Aug-16,security,14526,103421,498347,0.140455033,0.082732783,0.005618805
477,1/09/2016,Sep-16,security,4145,63686,454878,0.065084948,0.082732783,0.005618805
478,1/10/2016,Oct-16,security,3430,63470,472626,0.054041279,0.082732783,0.005618805
479,1/11/2016,Nov-16,security,5396,58871,450938,0.091658032,0.082732783,0.005618805
480,1/12/2016,Dec-16,security,8064,103593,460949,0.077843098,0.082732783,0.005618805
481,1/01/2007,Jan-07,late aircraft,2904995,150144,621559,19.3480592,20.72147247,0
482,1/02/2007,Feb-07,late aircraft,3395999,158435,565604,21.43465143,20.72147247,0
483,1/03/2007,Mar-07,late aircraft,3321925,152689,639209,21.75615139,20.72147247,0
484,1/04/2007,Apr-07,late aircraft,2826618,136991,614648,20.63360367,20.72147247,0
485,1/05/2007,May-07,late aircraft,2487334,131298,631609,18.94418803,20.72147247,0
486,1/06/2007,Jun-07,late aircraft,4370859,181502,629280,24.08160241,20.72147247,0
487,1/07/2007,Jul-07,late aircraft,4275001,180319,648560,23.70798973,20.72147247,0
488,1/08/2007,Aug-07,late aircraft,3933045,170851,653279,23.0203218,20.72147247,0
489,1/09/2007,Sep-07,late aircraft,1792796,102383,600187,17.51068048,20.72147247,0
490,1/10/2007,Oct-07,late aircraft,2338823,128977,629992,18.13364398,20.72147247,0
491,1/11/2007,Nov-07,late aircraft,2090662,113680,605149,18.39076355,20.72147247,0
492,1/12/2007,Dec-07,late aircraft,4268886,196759,616382,21.69601391,20.72147247,0
493,1/01/2008,Jan-08,late aircraft,3145788,148807,605765,21.1400539,20.0974409,-0.62403157
494,1/02/2008,Feb-08,late aircraft,3495284,156237,569236,22.37167892,20.0974409,-0.62403157
495,1/03/2008,Mar-08,late aircraft,3344243,157370,616090,21.25082926,20.0974409,-0.62403157
496,1/04/2008,Apr-08,late aircraft,2277313,122169,598126,18.64067808,20.0974409,-0.62403157
497,1/05/2008,May-08,late aircraft,2244264,120126,606293,18.68258329,20.0974409,-0.62403157
498,1/06/2008,Jun-08,late aircraft,3580641,164260,608665,21.79861804,20.0974409,-0.62403157
499,1/07/2008,Jul-08,late aircraft,3062892,140050,627931,21.86998929,20.0974409,-0.62403157
500,1/08/2008,Aug-08,late aircraft,2490422,120481,612279,20.67066176,20.0974409,-0.62403157
501,1/09/2008,Sep-08,late aircraft,1075911,71149,540908,15.12194128,20.0974409,-0.62403157
502,1/10/2008,Oct-08,late aircraft,1149195,73517,556205,15.63169063,20.0974409,-0.62403157
503,1/11/2008,Nov-08,late aircraft,1525169,81922,523272,18.61733112,20.0974409,-0.62403157
504,1/12/2008,Dec-08,late aircraft,4279120,168647,544956,25.37323522,20.0974409,-0.62403157
505,1/01/2009,Jan-09,late aircraft,1922237,108656,532339,17.69103409,19.23618448,-0.86125642
506,1/02/2009,Feb-09,late aircraft,1374484,78087,488410,17.60195679,19.23618448,-0.86125642
507,1/03/2009,Mar-09,late aircraft,2214624,107408,557422,20.61879934,19.23618448,-0.86125642
508,1/04/2009,Apr-09,late aircraft,2197572,102681,537793,21.40193415,19.23618448,-0.86125642
509,1/05/2009,May-09,late aircraft,1836784,100688,546832,18.24233275,19.23618448,-0.86125642
510,1/06/2009,Jun-09,late aircraft,2688529,122886,557594,21.87823674,19.23618448,-0.86125642
511,1/07/2009,Jul-09,late aircraft,2609028,121429,580134,21.48603711,19.23618448,-0.86125642
512,1/08/2009,Aug-09,late aircraft,2223395,108382,568301,20.51443044,19.23618448,-0.86125642
513,1/09/2009,Sep-09,late aircraft,1083813,66762,510852,16.23398041,19.23618448,-0.86125642
514,1/10/2009,Oct-09,late aircraft,2125360,114549,531799,18.55415586,19.23618448,-0.86125642
515,1/11/2009,Nov-09,late aircraft,849281,54740,509540,15.51481549,19.23618448,-0.86125642
516,1/12/2009,Dec-09,late aircraft,2785160,132020,529269,21.09650053,19.23618448,-0.86125642
517,1/01/2010,Jan-10,late aircraft,1853069,96928,521809,19.1179948,20.89279415,1.65660967
518,1/02/2010,Feb-10,late aircraft,1952183,95021,483270,20.54475327,20.89279415,1.65660967
519,1/03/2010,Mar-10,late aircraft,2155386,100534,549262,21.43937374,20.89279415,1.65660967
520,1/04/2010,Apr-10,late aircraft,1377309,73184,529330,18.81981034,20.89279415,1.65660967
521,1/05/2010,May-10,late aircraft,2169646,100683,542747,21.54927843,20.89279415,1.65660967
522,1/06/2010,Jun-10,late aircraft,2854716,120007,551687,23.78791237,20.89279415,1.65660967
523,1/07/2010,Jul-10,late aircraft,2889404,122900,570788,23.51020342,20.89279415,1.65660967
524,1/08/2010,Aug-10,late aircraft,2099758,97597,569217,21.51457524,20.89279415,1.65660967
525,1/09/2010,Sep-10,late aircraft,1312022,72738,526107,18.03764195,20.89279415,1.65660967
526,1/10/2010,Oct-10,late aircraft,1697742,82391,545519,20.60591569,20.89279415,1.65660967
527,1/11/2010,Nov-10,late aircraft,1542877,83138,520999,18.55802401,20.89279415,1.65660967
528,1/12/2010,Dec-10,late aircraft,3014141,129763,539382,23.22804652,20.89279415,1.65660967
529,1/01/2011,Jan-11,late aircraft,2042602,97078,494400,21.04083314,22.31200564,1.41921149
530,1/02/2011,Feb-11,late aircraft,2049487,92709,455516,22.1066671,22.31200564,1.41921149
531,1/03/2011,Mar-11,late aircraft,2321420,101542,526687,22.861673,22.31200564,1.41921149
532,1/04/2011,Apr-11,late aircraft,2634299,112528,507024,23.41016458,22.31200564,1.41921149
533,1/05/2011,May-11,late aircraft,2612917,107145,520612,24.3867376,22.31200564,1.41921149
534,1/06/2011,Jun-11,late aircraft,2773488,111137,528588,24.95557735,22.31200564,1.41921149
535,1/07/2011,Jul-11,late aircraft,2886690,110478,547219,26.12909358,22.31200564,1.41921149
536,1/08/2011,Aug-11,late aircraft,2319010,96632,541442,23.99836493,22.31200564,1.41921149
537,1/09/2011,Sep-11,late aircraft,1498751,73512,487468,20.38784144,22.31200564,1.41921149
538,1/10/2011,Oct-11,late aircraft,1299193,68219,504397,19.0444451,22.31200564,1.41921149
539,1/11/2011,Nov-11,late aircraft,1262904,66279,478040,19.05436111,22.31200564,1.41921149
540,1/12/2011,Dec-11,late aircraft,1479004,72613,493888,20.36830871,22.31200564,1.41921149
541,1/01/2012,Jan-12,late aircraft,1455120,70908,486133,20.52123879,22.7526801,0.44067446
542,1/02/2012,Feb-12,late aircraft,1129731,58987,464826,19.15220303,22.7526801,0.44067446
543,1/03/2012,Mar-12,late aircraft,1967898,86476,521628,22.75657986,22.7526801,0.44067446
544,1/04/2012,Apr-12,late aircraft,1326988,63639,505218,20.85180471,22.7526801,0.44067446
545,1/05/2012,May-12,late aircraft,1770914,80453,518423,22.01178328,22.7526801,0.44067446
546,1/06/2012,Jun-12,late aircraft,2329067,94684,526933,24.59831651,22.7526801,0.44067446
547,1/07/2012,Jul-12,late aircraft,3345433,121396,545131,27.55801674,22.7526801,0.44067446
548,1/08/2012,Aug-12,late aircraft,2683506,104434,540793,25.69571212,22.7526801,0.44067446
549,1/09/2012,Sep-12,late aircraft,1697951,77075,490199,22.02985404,22.7526801,0.44067446
550,1/10/2012,Oct-12,late aircraft,1807055,86545,515254,20.87994685,22.7526801,0.44067446
551,1/11/2012,Nov-12,late aircraft,1425403,63834,488006,22.3298399,22.7526801,0.44067446
552,1/12/2012,Dec-12,late aircraft,2630486,106727,494218,24.64686537,22.7526801,0.44067446
553,1/01/2013,Jan-13,late aircraft,1845040,88210,509519,20.91644938,23.37425901,0.62157891
554,1/02/2013,Feb-13,late aircraft,1762843,83565,469746,21.09547059,23.37425901,0.62157891
555,1/03/2013,Mar-13,late aircraft,2356192,101743,552312,23.15827133,23.37425901,0.62157891
556,1/04/2013,Apr-13,late aircraft,2795392,111306,536393,25.11447721,23.37425901,0.62157891
557,1/05/2013,May-13,late aircraft,2563182,105278,548642,24.3467961,23.37425901,0.62157891
558,1/06/2013,Jun-13,late aircraft,4158715,143184,552141,29.04455107,23.37425901,0.62157891
559,1/07/2013,Jul-13,late aircraft,3758093,142559,571623,26.3616678,23.37425901,0.62157891
560,1/08/2013,Aug-13,late aircraft,2647163,112650,562921,23.49900577,23.37425901,0.62157891
561,1/09/2013,Sep-13,late aircraft,1729915,77134,510806,22.42739907,23.37425901,0.62157891
562,1/10/2013,Oct-13,late aircraft,1609252,81338,535344,19.78475006,23.37425901,0.62157891
563,1/11/2013,Nov-13,late aircraft,1619559,77352,503296,20.93751939,23.37425901,0.62157891
564,1/12/2013,Dec-13,late aircraft,3450689,144958,516739,23.80475034,23.37425901,0.62157891
565,1/01/2014,Jan-14,late aircraft,3243417,119994,471949,27.02982649,23.54483664,0.17057763
566,1/02/2014,Feb-14,late aircraft,2394565,101440,430602,23.60572752,23.54483664,0.17057763
567,1/03/2014,Mar-14,late aircraft,2292184,102297,503758,22.40714781,23.54483664,0.17057763
568,1/04/2014,Apr-14,late aircraft,2058940,91806,483499,22.42707448,23.54483664,0.17057763
569,1/05/2014,May-14,late aircraft,2549799,104145,499278,24.4831629,23.54483664,0.17057763
570,1/06/2014,Jun-14,late aircraft,3405382,129706,502617,26.25462199,23.54483664,0.17057763
571,1/07/2014,Jul-14,late aircraft,2937179,117151,520880,25.07173648,23.54483664,0.17057763
572,1/08/2014,Aug-14,late aircraft,2553660,105706,507491,24.15813672,23.54483664,0.17057763
573,1/09/2014,Sep-14,late aircraft,1693425,81178,469489,20.86063958,23.54483664,0.17057763
574,1/10/2014,Oct-14,late aircraft,1989656,92285,491011,21.55990681,23.54483664,0.17057763
575,1/11/2014,Nov-14,late aircraft,1846457,84657,462054,21.81103748,23.54483664,0.17057763
576,1/12/2014,Dec-14,late aircraft,2519320,110163,477183,22.86902136,23.54483664,0.17057763
577,1/01/2015,Jan-15,late aircraft,2183865,95951,469968,22.76021094,23.10336168,-0.44147496
578,1/02/2015,Feb-15,late aircraft,2157918,95179,429191,22.6722071,23.10336168,-0.44147496
579,1/03/2015,Mar-15,late aircraft,2156090,95452,504312,22.58821188,23.10336168,-0.44147496
580,1/04/2015,Apr-15,late aircraft,1785437,82247,485151,21.70823252,23.10336168,-0.44147496
581,1/05/2015,May-15,late aircraft,2172521,89645,496993,24.23471471,23.10336168,-0.44147496
582,1/06/2015,Jun-15,late aircraft,3055836,115742,503897,26.40213578,23.10336168,-0.44147496
583,1/07/2015,Jul-15,late aircraft,2782381,107627,520718,25.85207244,23.10336168,-0.44147496
584,1/08/2015,Aug-15,late aircraft,2244485,94113,510536,23.84883066,23.10336168,-0.44147496
585,1/09/2015,Sep-15,late aircraft,1185164,60061,464946,19.73267178,23.10336168,-0.44147496
586,1/10/2015,Oct-15,late aircraft,1194257,60079,486165,19.87811049,23.10336168,-0.44147496
587,1/11/2015,Nov-15,late aircraft,1505055,70571,467972,21.3268198,23.10336168,-0.44147496
588,1/12/2015,Dec-15,late aircraft,2538922,96772,479230,26.23612202,23.10336168,-0.44147496
589,1/01/2016,Jan-16,late aircraft,1533564,70882,445827,21.63545047,23.75419062,0.65082894
590,1/02/2016,Feb-16,late aircraft,1484498,61680,423889,24.06773671,23.75419062,0.65082894
591,1/03/2016,Mar-16,late aircraft,1883806,82569,479122,22.81493054,23.75419062,0.65082894
592,1/04/2016,Apr-16,late aircraft,1527439,66607,461630,22.93210924,23.75419062,0.65082894
593,1/05/2016,May-16,late aircraft,1730775,75498,479358,22.92477946,23.75419062,0.65082894
594,1/06/2016,Jun-16,late aircraft,2668568,100361,487637,26.58969121,23.75419062,0.65082894
595,1/07/2016,Jul-16,late aircraft,3295331,113601,502457,29.00794007,23.75419062,0.65082894
596,1/08/2016,Aug-16,late aircraft,2752268,103421,498347,26.6122741,23.75419062,0.65082894
597,1/09/2016,Sep-16,late aircraft,1331620,63686,454878,20.90914801,23.75419062,0.65082894
598,1/10/2016,Oct-16,late aircraft,1296817,63470,472626,20.43196786,23.75419062,0.65082894
599,1/11/2016,Nov-16,late aircraft,1221639,58871,450938,20.75111685,23.75419062,0.65082894
600,1/12/2016,Dec-16,late aircraft,2732073,103593,460949,26.37314297,23.75419062,0.65082894
